leg_id,OKL000171,OKL000267,OKL000180,OKL000254,OKL000172,OKL000193,OKL000197,OKL000186,OKL000167,OKL000200,OKL000257,OKL000183,OKL000065,OKL000201,OKL000185,OKL000190,OKL000261,OKL000187,OKL000256,OKL000203,OKL000178,OKL000198,OKL000165,OKL000184,OKL000191,OKL000264,OKL000194,OKL000259,OKL000195,OKL000202,OKL000265,OKL000188,OKL000253,OKL000266,OKL000189,OKL000260,OKL000169,OKL000096,OKL000166,OKL000058,OKL000116,OKL000066,OKL000093,OKL000051,OKL000064,OKL000103,OKL000086,OKL000074,OKL000092,OKL000115,OKL000056,OKL000123,OKL000090,OKL000109,OKL000146,OKL000108,OKL000132,OKL000143,OKL000125,OKL000118,OKL000111,OKL000121,OKL000098,OKL000060,OKL000104,OKL000105,OKL000087,OKL000113,OKL000054,OKL000124,OKL000126,OKL000057,OKL000100,OKL000106,OKL000133,OKL000077,OKL000134,OKL000149,OKL000082,OKL000174,OKL000130,OKL000061,OKL000084,OKL000097,OKL000110,OKL000127,OKL000147,OKL000055,OKL000062,OKL000129,OKL000140,OKL000075,OKL000063,OKL000072,OKL000089,OKL000107,OKL000069,OKL000059,OKL000144,OKL000081
OKL000171,177,147,144,146,137,147,142,154,132,155,127,148,135,138,139,150,141,136,153,155,143,146,131,137,134,160,140,70,146,147,135,141,145,149,141,0,140,144,147,115,149,138,152,133,107,111,148,136,126,153,157,135,124,144,146,147,144,143,153,139,151,119,149,158,148,128,139,147,144,131,136,146,98,142,121,149,138,141,126,130,147,145,139,137,143,144,120,133,138,140,127,143,132,138,135,136,126,141,77,154
OKL000267,147,522,424,466,417,468,460,392,415,370,424,477,425,422,463,466,325,419,431,428,451,463,444,448,462,421,452,200,452,448,454,423,480,464,459,0,404,446,427,334,418,469,484,439,240,269,466,425,357,391,425,407,350,442,420,468,285,477,385,351,477,374,472,437,461,440,441,457,344,443,379,470,247,425,347,447,352,453,354,437,454,458,462,342,414,463,410,443,410,360,404,467,399,330,378,465,393,467,272,401
OKL000180,144,424,512,432,379,440,410,427,367,397,382,447,404,385,428,440,347,403,467,461,419,424,398,415,419,443,418,219,423,416,412,390,439,413,417,0,380,410,389,320,434,424,450,401,234,294,436,387,403,417,451,380,375,419,403,447,324,447,411,384,446,329,434,463,435,388,397,418,376,401,359,440,271,399,379,428,381,430,381,394,427,434,415,361,385,426,373,387,383,383,388,417,381,357,368,412,360,408,296,434
OKL000254,146,466,432,527,414,482,448,410,407,381,425,477,441,421,489,479,338,438,444,443,454,468,435,441,451,433,445,212,456,459,459,419,483,457,462,0,416,457,425,340,435,472,502,424,243,277,479,422,370,405,445,402,362,459,436,479,308,489,396,364,480,371,479,457,479,430,439,458,363,446,385,475,249,435,361,451,363,473,364,432,469,475,453,356,423,459,412,430,427,381,414,469,419,339,389,463,398,461,287,421
OKL000172,137,417,379,414,459,420,408,354,359,328,384,418,371,363,408,412,284,380,378,380,414,415,389,401,404,374,396,180,403,413,400,380,428,403,408,0,350,410,389,297,369,419,427,384,220,243,417,377,312,355,383,355,324,396,386,417,260,428,338,301,422,344,416,392,421,382,392,399,325,396,339,411,217,373,312,387,333,410,308,380,403,409,408,315,363,405,363,396,366,330,375,411,363,296,346,412,348,408,251,364
OKL000193,147,468,440,482,420,522,452,402,404,371,419,475,438,417,471,487,333,442,436,437,456,465,434,445,451,430,445,205,454,465,451,429,491,453,463,0,413,465,423,343,432,469,501,431,243,274,475,421,367,399,440,407,357,462,434,478,294,495,390,355,484,367,478,453,477,422,433,462,356,446,392,476,251,438,359,444,359,478,362,431,468,484,460,349,421,461,409,425,423,376,414,462,418,335,389,459,398,456,281,414
OKL000197,142,460,410,448,408,452,501,379,395,350,419,458,410,403,440,446,304,404,410,413,446,447,422,436,447,401,443,184,438,429,445,407,459,444,443,0,389,430,423,318,401,453,461,423,236,264,442,413,340,378,408,388,336,431,403,446,273,464,364,333,450,355,460,417,451,421,421,437,331,431,359,452,228,409,336,426,346,436,336,415,436,440,446,322,392,449,399,426,391,344,387,455,383,311,364,451,369,446,255,386
OKL000186,154,392,427,410,354,402,379,521,352,434,365,405,382,347,406,416,364,378,445,446,392,407,380,375,384,447,372,257,395,381,384,365,403,398,394,0,370,381,372,289,418,397,418,369,216,321,418,374,387,447,446,357,376,388,368,419,360,410,401,387,414,317,416,445,403,379,381,409,383,383,333,414,281,376,401,408,365,388,397,365,400,399,386,368,366,389,353,371,373,381,359,391,355,353,343,387,333,382,326,457
OKL000167,132,415,367,407,359,404,395,352,485,335,433,394,353,356,396,394,280,359,367,369,422,410,413,397,417,357,375,190,401,405,427,405,414,405,415,0,352,395,370,276,349,421,407,402,210,243,403,370,324,366,369,355,305,366,347,390,270,417,342,308,402,381,423,372,396,424,431,398,299,391,337,409,227,373,309,401,303,387,311,381,377,388,419,292,344,392,401,418,365,316,334,427,335,288,313,418,328,404,235,364
OKL000200,155,370,397,381,328,371,350,434,335,496,334,380,363,332,375,386,370,346,417,425,362,389,356,348,362,429,341,249,366,357,359,347,372,364,363,0,346,351,337,271,392,371,384,346,211,306,387,347,364,421,425,334,359,362,337,389,368,381,383,387,388,295,380,428,378,352,352,377,371,352,314,388,278,354,386,381,343,364,366,343,369,368,358,361,335,367,327,344,342,360,329,367,340,347,321,360,312,354,316,436
OKL000257,127,424,382,425,384,419,419,365,433,334,516,408,369,362,407,414,293,376,376,370,450,424,433,414,442,367,394,195,415,431,459,422,431,417,433,0,354,414,386,291,368,446,426,415,221,256,418,388,324,380,379,366,323,384,363,405,276,434,334,308,414,421,438,382,417,468,448,405,316,419,355,419,226,385,320,419,315,405,318,398,399,403,434,302,356,400,415,458,375,319,352,438,343,296,327,446,341,418,252,371
OKL000183,148,477,447,477,418,475,458,405,394,380,408,522,441,434,473,474,334,432,451,447,454,464,427,448,457,432,468,208,459,447,443,415,483,460,452,0,415,445,426,344,441,463,494,431,244,269,467,425,367,400,440,411,361,454,432,480,296,486,399,360,481,353,477,455,479,414,425,452,361,437,376,472,255,432,365,451,362,468,363,434,465,470,450,355,427,477,400,418,423,378,418,465,409,339,391,456,393,461,282,416
OKL000065,135,425,404,441,371,438,410,382,353,363,369,441,484,386,450,444,324,423,410,415,407,427,387,398,403,406,404,201,413,404,405,380,439,408,415,0,395,403,385,322,408,416,454,385,230,270,434,390,342,373,409,364,342,429,401,449,277,440,369,347,448,313,437,426,442,381,384,424,340,395,355,430,237,408,343,401,332,439,336,391,438,435,401,327,390,418,360,380,392,351,382,416,391,317,356,411,372,415,262,390
OKL000201,138,422,385,421,363,417,403,347,356,332,362,434,386,464,414,416,285,378,388,390,406,411,375,396,400,370,407,184,408,392,395,372,425,406,409,0,376,389,376,304,378,412,434,384,226,228,411,377,321,351,387,359,303,403,384,420,255,432,343,318,426,318,425,397,421,370,376,406,311,384,334,420,217,383,312,390,315,419,313,389,405,412,402,313,388,438,358,374,377,326,367,413,375,293,355,407,343,414,233,364
OKL000185,139,463,428,489,408,471,440,406,396,375,407,473,450,414,516,469,330,440,437,441,442,461,430,437,438,429,441,210,452,444,445,405,475,450,452,0,409,438,420,337,429,460,488,419,237,276,475,421,358,403,433,395,356,455,431,480,295,479,387,355,477,353,474,447,471,414,426,459,357,434,374,467,241,432,361,442,353,467,360,427,468,464,440,348,422,455,397,417,420,370,405,455,409,330,383,446,393,445,281,413
OKL000190,150,466,440,479,412,487,446,416,394,386,414,474,444,416,469,523,346,438,438,441,452,469,429,431,449,433,439,211,450,455,445,423,478,449,459,0,416,454,424,337,437,468,494,420,243,283,473,421,368,397,441,401,365,459,434,480,308,490,392,365,481,357,476,453,474,424,424,457,370,444,396,475,253,441,367,435,361,470,361,424,466,475,449,356,420,454,401,419,431,386,412,458,415,339,390,457,394,455,288,418
OKL000261,141,325,347,338,284,333,304,364,280,370,293,334,324,285,330,346,423,314,367,370,313,335,313,303,315,377,304,202,323,318,313,309,333,320,319,0,309,310,296,244,342,319,345,300,198,273,339,301,320,359,376,292,313,320,301,347,304,335,337,327,346,258,334,376,332,307,312,344,329,299,296,335,237,315,328,325,307,322,322,298,335,333,314,310,303,315,285,300,306,319,287,314,305,296,284,309,282,315,271,372
OKL000187,136,419,403,438,380,442,404,378,359,346,376,432,423,378,440,438,314,474,408,406,411,421,391,397,399,401,399,195,409,408,401,376,444,401,413,0,383,404,383,305,400,416,451,380,224,258,433,387,336,370,407,371,329,425,395,438,271,444,364,339,447,317,430,418,432,377,389,419,334,394,356,430,229,397,341,404,330,433,339,384,433,436,407,317,382,414,361,376,389,354,370,418,389,314,358,404,353,410,257,386
OKL000256,153,431,467,444,378,436,410,445,367,417,376,451,410,388,437,438,367,408,525,490,416,433,403,408,422,461,420,238,426,417,406,384,437,426,419,0,395,409,389,317,445,424,452,396,225,301,445,394,412,444,473,386,395,420,409,453,345,445,435,408,452,330,436,486,436,386,395,426,400,396,356,443,287,401,404,436,398,424,407,396,430,438,415,383,390,430,371,391,393,395,394,423,380,382,379,416,365,416,317,463
OKL000203,155,428,461,443,380,437,413,446,369,425,370,447,415,390,441,441,370,406,490,526,407,439,403,403,415,461,415,241,419,412,399,382,436,422,423,0,399,408,393,316,438,424,453,390,230,298,448,398,402,441,469,379,393,423,408,455,345,450,436,399,447,325,439,479,438,387,393,432,395,400,353,451,282,414,401,430,391,427,402,391,431,437,414,375,399,432,373,390,394,396,389,428,392,380,374,417,360,414,310,458
OKL000178,143,451,419,454,414,456,446,392,422,362,450,454,407,406,442,452,313,411,416,407,520,456,437,442,460,404,431,202,447,447,465,434,464,450,454,0,392,437,413,320,410,468,467,432,237,268,453,416,350,389,422,398,344,429,407,449,280,473,366,337,460,391,466,425,459,445,447,436,346,444,368,451,238,410,341,433,344,438,345,424,436,443,460,335,397,447,420,446,405,351,388,458,386,316,368,462,377,454,266,402
OKL000198,146,463,424,468,415,465,447,407,410,389,424,464,427,411,461,469,335,421,433,439,456,522,443,435,451,429,432,218,448,445,450,419,470,458,451,0,411,445,423,332,427,464,479,432,232,279,469,420,380,403,437,399,361,449,421,469,305,475,383,359,472,369,472,448,462,436,429,450,362,445,383,465,251,427,362,433,356,461,367,431,453,453,450,345,417,456,405,434,411,376,405,460,408,332,378,457,373,455,291,418
OKL000165,131,444,398,435,389,434,422,380,413,356,433,427,387,375,430,429,313,391,403,403,437,443,516,423,434,402,413,205,425,427,443,398,443,433,442,0,377,420,398,312,388,451,446,402,221,267,435,400,346,389,402,368,332,409,384,432,285,447,349,330,439,385,454,410,433,456,441,434,333,411,370,432,231,395,340,415,330,426,345,425,419,427,448,317,379,418,397,448,388,345,384,435,369,313,352,443,344,424,263,392
OKL000184,137,448,415,441,401,445,436,375,397,348,414,448,398,396,437,431,303,397,408,403,442,435,423,499,433,401,430,196,438,439,438,408,452,433,434,0,383,427,412,314,402,444,454,409,223,254,434,395,340,383,407,396,336,421,399,439,271,453,360,328,451,355,451,418,442,425,418,429,335,421,361,440,237,394,331,424,337,431,331,424,432,432,435,326,390,435,399,422,383,349,393,442,377,315,362,437,365,440,266,381
OKL000191,134,462,419,451,404,451,447,384,417,362,442,457,403,400,438,449,315,399,422,415,460,451,434,433,522,406,434,199,443,441,454,427,461,444,450,0,381,435,409,319,402,468,458,431,229,272,446,404,355,398,416,394,346,419,398,440,286,467,371,342,453,387,456,425,446,443,436,431,339,436,365,454,248,409,341,436,345,434,347,413,428,439,454,327,392,442,415,439,397,352,388,448,382,320,368,457,371,448,270,398
OKL000264,160,421,443,433,374,430,401,447,357,429,367,432,406,370,429,433,377,401,461,461,404,429,402,401,406,511,401,249,415,404,397,381,431,414,408,0,397,403,385,309,434,419,443,387,222,309,439,384,399,434,466,377,392,413,392,445,346,432,410,390,441,324,429,467,426,389,392,425,397,398,354,435,273,396,398,423,376,416,398,384,421,426,405,391,384,413,369,383,381,398,384,413,379,364,366,407,354,404,335,454
OKL000194,140,452,418,445,396,445,443,372,375,341,394,468,404,407,441,439,304,399,420,415,431,432,413,430,434,401,496,190,441,419,427,391,456,431,429,0,385,416,399,318,403,445,459,414,230,254,433,395,340,372,408,385,342,420,401,445,268,456,370,334,447,341,442,419,441,400,399,421,333,414,350,445,234,397,332,427,342,434,336,412,432,434,429,330,401,448,381,401,394,344,391,440,377,320,365,431,368,437,250,379
OKL000259,70,200,219,212,180,205,184,257,190,249,195,208,201,184,210,211,202,195,238,241,202,218,205,196,199,249,190,318,201,202,203,182,205,202,199,0,196,197,182,157,220,206,216,195,100,175,217,194,214,261,241,185,235,198,195,217,229,209,222,225,217,176,210,239,199,201,195,208,229,193,164,216,184,198,244,219,204,203,238,190,197,201,195,225,189,194,197,204,195,220,192,199,189,203,188,191,184,198,233,257
OKL000195,146,452,423,456,403,454,438,395,401,366,415,459,413,408,452,450,323,409,426,419,447,448,425,438,443,415,441,201,510,440,442,412,466,450,445,0,391,430,413,320,408,452,466,424,235,282,452,404,360,397,420,398,345,428,407,448,297,465,378,347,465,361,460,435,452,420,428,439,343,429,368,449,249,409,348,447,353,442,346,417,440,441,440,336,402,448,396,418,401,361,392,447,384,330,365,452,374,454,267,401
OKL000202,147,448,416,459,413,465,429,381,405,357,431,447,404,392,444,455,318,408,417,412,447,445,427,439,441,404,419,202,440,512,446,421,463,434,441,0,381,455,407,328,406,456,465,419,231,266,453,401,348,389,415,390,347,427,417,444,294,471,375,340,453,391,459,426,450,433,432,435,351,431,376,452,249,413,342,434,354,447,341,415,438,451,442,343,387,433,407,444,397,359,392,448,385,331,373,451,384,437,273,398
OKL000265,135,454,412,459,400,451,445,384,427,359,459,443,405,395,445,445,313,401,406,399,465,450,443,438,454,397,427,203,442,446,520,426,464,441,460,0,383,429,401,320,404,465,462,430,230,266,448,406,344,391,410,391,336,419,401,443,286,462,357,333,448,402,469,416,447,458,450,436,333,442,369,449,237,404,341,437,339,437,341,422,433,436,448,324,386,433,419,454,398,342,386,453,382,316,356,459,377,443,266,396
OKL000188,141,423,390,419,380,429,407,365,405,347,422,415,380,372,405,423,309,376,384,382,434,419,398,408,427,381,391,182,412,421,426,488,444,416,420,0,364,413,377,303,371,431,428,420,241,266,419,380,333,367,383,377,321,393,367,410,272,440,344,315,423,368,432,390,423,411,418,412,325,414,375,423,217,392,322,406,323,410,319,387,401,410,425,303,364,409,391,413,369,334,355,428,350,296,334,433,354,422,245,374
OKL000253,145,480,439,483,428,491,459,403,414,372,431,483,439,425,475,478,333,444,437,436,464,470,443,452,461,431,456,205,466,463,464,444,526,460,469,0,412,456,427,343,428,471,497,447,245,275,477,426,367,402,434,416,356,457,435,479,295,497,387,352,486,377,486,448,478,432,442,468,357,454,391,477,245,432,357,453,358,478,357,440,469,475,465,351,427,466,418,433,424,376,417,475,416,331,388,467,398,467,282,414
OKL000266,149,464,413,457,403,453,444,398,405,364,417,460,408,406,450,449,320,401,426,422,450,458,433,433,444,414,431,202,450,434,441,416,460,507,442,0,399,433,423,321,408,452,470,433,227,270,453,422,356,396,417,398,344,431,410,451,288,460,372,337,463,364,468,432,454,423,430,437,342,437,361,450,241,413,345,438,344,441,349,425,436,441,446,338,402,449,395,427,407,352,384,451,383,321,364,449,370,454,273,401
OKL000189,141,459,417,462,408,463,443,394,415,363,433,452,415,409,452,459,319,413,419,423,454,451,442,434,450,408,429,199,445,441,460,420,469,442,518,0,397,440,413,330,408,469,471,427,229,265,459,412,352,398,412,388,338,434,413,455,294,470,368,337,459,383,485,426,459,441,443,453,341,446,374,452,234,422,343,426,347,442,351,426,445,449,463,330,399,447,422,441,410,360,398,454,394,323,366,463,378,449,268,398
OKL000260,0,0,0,0,0,0,0,0,0,0,0,0,0,0,0,0,0,0,0,0,0,0,0,0,0,0,0,0,0,0,0,0,0,0,0,0,0,0,0,0,0,0,0,0,0,0,0,0,0,0,0,0,0,0,0,0,0,0,0,0,0,0,0,0,0,0,0,0,0,0,0,0,0,0,0,0,0,0,0,0,0,0,0,0,0,0,0,0,0,0,0,0,0,0,0,0,0,0,0,0
OKL000169,140,404,380,416,350,413,389,370,352,346,354,415,395,376,409,416,309,383,395,399,392,411,377,383,381,397,385,196,391,381,383,364,412,399,397,0,456,386,366,293,383,394,431,368,211,258,409,372,347,362,397,350,323,410,384,424,278,416,362,322,421,310,417,406,420,359,366,402,330,378,331,411,221,382,331,383,318,405,322,372,405,410,385,323,379,408,342,360,379,350,364,407,366,321,349,395,341,399,260,377
OKL000096,144,446,410,457,410,465,430,381,395,351,414,445,403,389,438,454,310,404,409,408,437,445,420,427,435,403,416,197,430,455,429,413,456,433,440,0,386,504,411,326,403,456,468,409,226,254,450,403,346,379,412,379,346,429,414,450,274,461,366,330,452,376,458,425,453,424,420,434,343,431,370,450,242,406,334,418,351,440,337,406,432,446,445,337,392,427,396,429,402,355,399,445,383,324,368,445,381,433,271,385
OKL000166,147,427,389,425,389,423,423,372,370,337,386,426,385,376,420,424,296,383,389,393,413,423,398,412,409,385,399,182,413,407,401,377,427,423,413,0,366,411,469,290,380,422,441,386,221,254,429,391,326,363,389,359,314,408,377,424,278,432,346,313,436,332,436,399,427,393,401,413,314,397,349,421,214,396,316,389,328,410,321,393,418,415,410,305,376,409,363,395,376,336,365,421,365,293,336,418,338,417,241,368
OKL000058,115,334,320,340,297,343,318,289,276,271,291,344,322,304,337,337,244,305,317,316,320,332,312,314,319,309,318,157,320,328,320,303,343,321,330,0,293,326,290,372,317,328,347,314,177,191,331,299,262,286,314,296,266,331,337,342,211,345,277,256,341,270,340,322,336,297,298,331,266,314,273,331,180,313,245,318,279,339,254,308,331,334,326,275,307,331,288,312,290,272,304,320,306,248,305,323,299,320,209,295
OKL000116,149,418,434,435,369,432,401,418,349,392,368,441,408,378,429,437,342,400,445,438,410,427,388,402,402,434,403,220,408,406,404,371,428,408,408,0,383,403,380,317,495,417,447,385,224,280,436,378,373,409,446,375,361,421,410,444,312,439,390,372,437,315,428,456,432,377,380,422,371,396,354,434,266,391,372,413,366,428,369,390,426,431,400,373,379,411,355,375,389,380,385,408,384,341,357,403,352,402,296,430
OKL000066,138,469,424,472,419,469,453,397,421,371,446,463,416,412,460,468,319,416,424,424,468,464,451,444,468,419,445,206,452,456,465,431,471,452,469,0,394,456,422,328,417,528,477,434,239,275,470,417,355,404,420,402,350,433,411,460,294,485,372,346,468,396,479,430,462,461,453,452,348,453,382,472,241,426,353,442,347,455,358,431,447,452,477,339,401,455,429,458,409,359,398,468,394,326,369,479,381,459,276,405
OKL000093,152,484,450,502,427,501,461,418,407,384,426,494,454,434,488,494,345,451,452,453,467,479,446,454,458,443,459,216,466,465,462,428,497,470,471,0,431,468,441,347,447,477,532,435,248,280,491,436,380,409,454,417,372,473,451,497,305,503,402,368,499,368,495,467,494,432,439,470,367,458,396,489,255,447,365,454,368,487,371,442,484,490,464,363,441,475,417,436,440,385,430,474,430,344,401,471,407,470,291,425
OKL000051,133,439,401,424,384,431,423,369,402,346,415,431,385,384,419,420,300,380,396,390,432,432,402,409,431,387,414,195,424,419,430,420,447,433,427,0,368,409,386,314,385,434,435,498,220,269,427,398,342,373,393,379,323,398,380,422,275,445,349,318,432,367,436,400,424,411,417,423,324,420,353,424,224,381,324,419,324,421,331,409,406,413,431,308,374,420,387,413,372,334,362,433,358,303,338,426,356,425,256,374
OKL000064,107,240,234,243,220,243,236,216,210,211,221,244,230,226,237,243,198,224,225,230,237,232,221,223,229,222,230,100,235,231,230,241,245,227,229,0,211,226,221,177,224,239,248,220,265,177,243,222,182,210,233,206,180,239,220,247,163,253,200,200,247,189,246,237,246,221,230,241,187,217,214,244,155,228,204,227,201,239,204,220,242,244,236,182,226,243,203,217,199,195,201,240,207,174,209,237,213,229,105,221
OKL000103,111,269,294,277,243,274,264,321,243,306,256,269,270,228,276,283,273,258,301,298,268,279,267,254,272,309,254,175,282,266,266,266,275,270,265,0,258,254,254,191,280,275,280,269,177,364,282,255,273,313,307,239,251,268,237,281,274,282,268,276,288,223,275,303,271,262,272,281,270,265,247,283,211,259,290,286,256,264,273,251,270,265,267,234,242,264,237,255,247,256,229,262,234,255,228,256,226,261,213,314
OKL000086,148,466,436,479,417,475,442,418,403,387,418,467,434,411,475,473,339,433,445,448,453,469,435,434,446,439,433,217,452,453,448,419,477,453,459,0,409,450,429,331,436,470,491,427,243,282,519,421,371,412,444,401,365,449,428,474,306,484,394,364,477,364,481,453,472,429,435,460,364,444,380,476,258,432,367,439,368,457,372,428,460,464,450,356,421,450,408,430,426,381,411,463,411,340,384,458,388,451,292,424
OKL000074,136,425,387,422,377,421,413,374,370,347,388,425,390,377,421,421,301,387,394,398,416,420,400,395,404,384,395,194,404,401,406,380,426,422,412,0,372,403,391,299,378,417,436,398,222,255,421,482,326,364,390,363,319,406,378,429,273,432,356,313,427,332,431,398,437,399,393,413,318,396,334,423,222,386,333,405,325,415,334,398,412,407,410,315,375,412,366,396,384,333,356,426,365,296,336,414,349,413,257,374
OKL000092,126,357,403,370,312,367,340,387,324,364,324,367,342,321,358,368,320,336,412,402,350,380,346,340,355,399,340,214,360,348,344,333,367,356,352,0,347,346,326,262,373,355,380,342,182,273,371,326,460,399,414,327,337,352,337,381,310,370,365,357,379,301,367,411,362,338,338,360,338,339,312,376,241,338,351,379,323,360,351,325,355,365,353,310,333,355,314,334,335,340,326,353,328,325,312,349,299,348,279,395
OKL000115,153,391,417,405,355,399,378,447,366,421,380,400,373,351,403,397,359,370,444,441,389,403,389,383,398,434,372,261,397,389,391,367,402,396,398,0,362,379,363,286,409,404,409,373,210,313,412,364,399,524,449,356,375,383,368,411,360,406,400,393,409,336,404,449,393,391,390,401,391,381,333,410,283,373,397,416,367,387,407,372,388,390,394,362,355,383,368,390,361,368,360,388,351,376,343,386,320,379,316,461
OKL000056,157,425,451,445,383,440,408,446,369,425,379,440,409,387,433,441,376,407,473,469,422,437,402,407,416,466,408,241,420,415,410,383,434,417,412,0,397,412,389,314,446,420,454,393,233,307,444,390,414,449,519,386,396,421,406,454,338,443,422,405,451,337,434,493,434,395,398,427,411,400,363,449,284,407,401,430,393,428,413,393,430,437,409,385,394,423,376,392,397,399,391,420,392,385,384,409,365,408,320,468
OKL000123,135,407,380,402,355,407,388,357,355,334,366,411,364,359,395,401,292,371,386,379,398,399,368,396,394,377,385,185,398,390,391,377,416,398,388,0,350,379,359,296,375,402,417,379,206,239,401,363,327,356,386,457,315,384,366,401,266,422,336,311,417,316,406,393,402,374,368,390,311,389,332,409,218,363,311,408,309,392,317,365,393,395,398,300,363,400,353,371,361,321,342,401,349,297,348,398,341,398,251,365
OKL000090,124,350,375,362,324,357,336,376,305,359,323,361,342,303,356,365,313,329,395,393,344,361,332,336,346,392,342,235,345,347,336,321,356,344,338,0,323,346,314,266,361,350,372,323,180,251,365,319,337,375,396,315,440,341,341,374,298,362,364,335,368,288,357,399,352,325,328,349,352,326,298,361,261,339,340,361,341,344,328,323,349,353,338,353,313,340,330,337,321,330,332,348,311,327,326,338,311,338,299,388
OKL000109,144,442,419,459,396,462,431,388,366,362,384,454,429,403,455,459,320,425,420,423,429,449,409,421,419,413,420,198,428,427,419,393,457,431,434,0,410,429,408,331,421,433,473,398,239,268,449,406,352,383,421,384,341,492,426,464,282,462,373,347,467,323,455,439,463,392,402,445,347,422,368,448,244,420,345,418,345,454,349,412,450,456,425,339,416,446,371,395,406,366,397,438,404,324,387,428,376,431,274,400
OKL000146,146,420,403,436,386,434,403,368,347,337,363,432,401,384,431,434,301,395,409,408,407,421,384,399,398,392,401,195,407,417,401,367,435,410,413,0,384,414,377,337,410,411,451,380,220,237,428,378,337,368,406,366,341,426,467,444,270,442,356,331,441,326,431,419,438,371,373,418,344,396,339,429,230,392,327,397,344,430,334,388,426,429,404,355,385,423,356,386,389,345,392,415,381,318,376,411,367,404,265,383
OKL000108,147,468,447,479,417,478,446,419,390,389,405,480,449,420,480,480,347,438,453,455,449,469,432,439,440,445,445,217,448,444,443,410,479,451,455,0,424,450,424,342,444,460,497,422,247,281,474,429,381,411,454,401,374,464,444,521,303,485,402,372,485,351,480,471,485,418,422,463,376,441,381,476,258,435,374,440,369,474,375,428,475,477,447,367,427,462,393,419,430,386,422,457,423,346,398,449,396,451,301,429
OKL000132,144,285,324,308,260,294,273,360,270,368,276,296,277,255,295,308,304,271,345,345,280,305,285,271,286,346,268,229,297,294,286,272,295,288,294,0,278,274,278,211,312,294,305,275,163,274,306,273,310,360,338,266,298,282,270,303,441,300,309,316,302,237,301,337,293,275,290,305,310,276,249,307,241,280,328,313,276,285,308,265,294,294,284,292,264,286,264,272,277,304,258,287,266,291,250,281,239,276,264,359
OKL000143,143,477,447,489,428,495,464,410,417,381,434,486,440,432,479,490,335,444,445,450,473,475,447,453,467,432,456,209,465,471,462,440,497,460,470,0,416,461,432,345,439,485,503,445,253,282,484,432,370,406,443,422,362,462,442,485,300,530,391,365,489,376,492,457,489,439,445,472,367,464,393,492,247,440,367,456,367,477,366,440,474,478,477,354,431,475,422,445,434,380,421,479,423,336,401,478,406,470,284,424
OKL000125,153,385,411,396,338,390,364,401,342,383,334,399,369,343,387,392,337,364,435,436,366,383,349,360,371,410,370,222,378,375,357,344,387,372,368,0,362,366,346,277,390,372,402,349,200,268,394,356,365,400,422,336,364,373,356,402,309,391,485,366,398,287,383,431,390,346,351,378,363,346,314,395,268,359,356,390,361,383,355,349,383,390,360,347,342,377,333,348,361,361,342,379,348,356,334,366,319,369,279,413
OKL000118,139,351,384,364,301,355,333,387,308,387,308,360,347,318,355,365,327,339,408,399,337,359,330,328,342,390,334,225,347,340,333,315,352,337,337,0,322,330,313,256,372,346,368,318,200,276,364,313,357,393,405,311,335,347,331,372,316,365,366,459,370,261,357,415,353,321,326,353,337,324,297,366,275,327,363,360,331,348,357,326,347,358,342,325,312,347,303,317,326,345,323,347,322,339,307,336,292,333,270,407
OKL000111,151,477,446,480,422,484,450,414,402,388,414,481,448,426,477,481,346,447,452,447,460,472,439,451,453,441,447,217,465,453,448,423,486,463,459,0,421,452,436,341,437,468,499,432,247,288,477,427,379,409,451,417,368,467,441,485,302,489,398,370,524,363,483,466,484,430,436,465,371,443,384,473,256,442,366,446,371,475,370,436,473,474,456,362,436,471,409,434,427,384,421,467,419,344,402,459,400,465,293,425
OKL000121,119,374,329,371,344,367,355,317,381,295,421,353,313,318,353,357,258,317,330,325,391,369,385,355,387,324,341,176,361,391,402,368,377,364,383,0,310,376,332,270,315,396,368,367,189,223,364,332,301,336,337,316,288,323,326,351,237,376,287,261,363,463,379,329,355,412,393,359,289,364,310,365,191,342,287,365,286,349,279,341,341,354,384,271,311,351,361,411,327,279,316,377,301,266,296,393,321,363,227,323
OKL000098,149,472,434,479,416,478,460,416,423,380,438,477,437,425,474,476,334,430,436,439,466,472,454,451,456,429,442,210,460,459,469,432,486,468,485,0,417,458,436,340,428,479,495,436,246,275,481,431,367,404,434,406,357,455,431,480,301,492,383,357,483,379,528,451,485,450,451,468,356,460,381,475,251,437,363,444,358,464,363,440,469,472,468,350,426,462,424,452,428,375,410,477,416,330,385,475,395,468,285,420
OKL000060,158,437,463,457,392,453,417,445,372,428,382,455,426,397,447,453,376,418,486,479,425,448,410,418,425,467,419,239,435,426,416,390,448,432,426,0,406,425,399,322,456,430,467,400,237,303,453,398,411,449,493,393,399,439,419,471,337,457,431,415,466,329,451,527,451,396,401,439,405,407,367,456,289,415,408,443,403,442,408,404,445,457,420,390,401,436,375,396,410,412,403,430,402,384,388,419,371,420,318,472
OKL000104,148,461,435,479,421,477,451,403,396,378,417,479,442,421,471,474,332,432,436,438,459,462,433,442,446,426,441,199,452,450,447,423,478,454,459,0,420,453,427,336,432,462,494,424,246,271,472,437,362,393,434,402,352,463,438,485,293,489,390,353,484,355,485,451,519,424,427,454,361,446,374,471,238,434,359,434,358,469,356,429,470,473,452,348,425,464,399,427,427,373,412,472,419,328,387,462,394,464,279,413
OKL000105,128,440,388,430,382,422,421,379,424,352,468,414,381,370,414,424,307,377,386,387,445,436,456,425,443,389,400,201,420,433,458,411,432,423,441,0,359,424,393,297,377,461,432,411,221,262,429,399,338,391,395,374,325,392,371,418,275,439,346,321,430,412,450,396,424,534,460,420,331,425,357,438,232,392,335,419,320,413,337,406,406,407,451,311,359,408,419,482,375,333,365,442,355,309,337,461,346,426,265,383
OKL000087,139,441,397,439,392,433,421,381,431,352,448,425,384,376,426,424,312,389,395,393,447,429,441,418,436,392,399,195,428,432,450,418,442,430,443,0,366,420,401,298,380,453,439,417,230,272,435,393,338,390,398,368,328,402,373,422,290,445,351,326,436,393,451,401,427,460,516,437,333,420,363,430,235,403,338,418,326,417,339,407,415,421,452,312,380,417,424,458,387,344,363,443,360,308,340,448,353,425,257,387
OKL000113,147,457,418,458,399,462,437,409,398,377,405,452,424,406,459,457,344,419,426,432,436,450,434,429,431,425,421,208,439,435,436,412,468,437,453,0,402,434,413,331,422,452,470,423,241,281,460,413,360,401,427,390,349,445,418,463,305,472,378,353,465,359,468,439,454,420,437,514,352,430,379,452,251,416,361,433,351,454,364,422,461,455,453,344,414,442,398,425,417,368,394,445,399,328,374,447,381,439,279,415
OKL000054,144,344,376,363,325,356,331,383,299,371,316,361,340,311,357,370,329,334,400,395,346,362,333,335,339,397,333,229,343,351,333,325,357,342,341,0,330,343,314,266,371,348,367,324,187,270,364,318,338,391,411,311,352,347,344,376,310,367,363,337,371,289,356,405,361,331,333,352,455,327,305,369,255,339,360,358,346,351,348,320,351,358,340,354,319,344,312,333,328,347,338,338,316,345,327,336,308,334,303,403
OKL000124,131,443,401,446,396,446,431,383,391,352,419,437,395,384,434,444,299,394,396,400,444,445,411,421,436,398,414,193,429,431,442,414,454,437,446,0,378,431,397,314,396,453,458,420,217,265,444,396,339,381,400,389,326,422,396,441,276,464,346,324,443,364,460,407,446,425,420,430,327,499,352,445,228,401,331,423,325,429,340,398,430,432,443,317,385,429,404,421,392,339,375,439,378,310,352,448,370,438,279,383
OKL000126,136,379,359,385,339,392,359,333,337,314,355,376,355,334,374,396,296,356,356,353,368,383,370,361,365,354,350,164,368,376,369,375,391,361,374,0,331,370,349,273,354,382,396,353,214,247,380,334,312,333,363,332,298,368,339,381,249,393,314,297,384,310,381,367,374,357,363,379,305,352,437,380,199,355,293,363,297,392,293,354,370,381,373,275,336,362,329,348,343,330,329,366,342,275,317,371,317,366,229,343
OKL000057,146,470,440,475,411,476,452,414,409,388,419,472,430,420,467,475,335,430,443,451,451,465,432,440,454,435,445,216,449,452,449,423,477,450,452,0,411,450,421,331,434,472,489,424,244,283,476,423,376,410,449,409,361,448,429,476,307,492,395,366,473,365,475,456,471,438,430,452,369,445,380,522,255,431,375,450,363,462,371,421,462,464,454,356,414,461,412,432,423,380,415,463,406,345,388,457,389,453,288,427
OKL000100,98,247,271,249,217,251,228,281,227,278,226,255,237,217,241,253,237,229,287,282,238,251,231,237,248,273,234,184,249,249,237,217,245,241,234,0,221,242,214,180,266,241,255,224,155,211,258,222,241,283,284,218,261,244,230,258,241,247,268,275,256,191,251,289,238,232,235,251,255,228,199,255,349,228,267,254,239,233,259,220,246,251,232,254,218,239,225,235,217,237,224,241,213,247,223,231,220,232,212,288
OKL000106,142,425,399,435,373,438,409,376,373,354,385,432,408,383,432,441,315,397,401,414,410,427,395,394,409,396,397,198,409,413,404,392,432,413,422,0,382,406,396,313,391,426,447,381,228,259,432,386,338,373,407,363,339,420,392,435,280,440,359,327,442,342,437,415,434,392,403,416,339,401,355,431,228,479,334,399,326,423,337,387,425,427,416,322,384,419,376,397,394,347,366,423,380,313,360,420,373,412,259,388
OKL000133,121,347,379,361,312,359,336,401,309,386,320,365,343,312,361,367,328,341,404,401,341,362,340,331,341,398,332,244,348,342,341,322,357,345,343,0,331,334,316,245,372,353,365,324,204,290,367,333,351,397,401,311,340,345,327,374,328,367,356,363,366,287,363,408,359,335,338,361,360,331,293,375,267,334,473,359,323,348,375,319,351,358,351,334,309,348,308,329,321,337,313,342,321,337,304,341,291,334,290,433
OKL000077,149,447,428,451,387,444,426,408,401,381,419,451,401,390,442,435,325,404,436,430,433,433,415,424,436,423,427,219,447,434,437,406,453,438,426,0,383,418,389,318,413,442,454,419,227,286,439,405,379,416,430,408,361,418,397,440,313,456,390,360,446,365,444,443,434,419,418,433,358,423,363,450,254,399,359,524,355,433,359,406,430,434,434,349,386,433,398,418,396,360,382,443,373,341,363,436,368,433,284,413
OKL000134,138,352,381,363,333,359,346,365,303,343,315,362,332,315,353,361,307,330,398,391,344,356,330,337,345,376,342,204,353,354,339,323,358,344,347,0,318,351,328,279,366,347,368,324,201,256,368,325,323,367,393,309,341,345,344,369,276,367,361,331,371,286,358,403,358,320,326,351,346,325,297,363,239,326,323,355,425,349,326,321,348,358,341,333,323,343,307,332,319,334,329,340,323,325,320,340,307,339,265,380
OKL000149,141,453,430,473,410,478,436,388,387,364,405,468,439,419,467,470,322,433,424,427,438,461,426,431,434,416,434,203,442,447,437,410,478,441,442,0,405,440,410,339,428,455,487,421,239,264,457,415,360,387,428,392,344,454,430,474,285,477,383,348,475,349,464,442,469,413,417,454,351,429,392,462,233,423,348,433,349,510,344,427,464,466,441,340,419,453,390,411,420,373,407,449,429,321,380,444,378,445,276,404
OKL000082,126,354,381,364,308,362,336,397,311,366,318,363,336,313,360,361,322,339,407,402,345,367,345,331,347,398,336,238,346,341,341,319,357,349,351,0,322,337,321,254,369,358,371,331,204,273,372,334,351,407,413,317,328,349,334,375,308,366,355,357,370,279,363,408,356,337,339,364,348,340,293,371,259,337,375,359,326,344,444,333,352,355,348,319,315,350,316,332,324,328,322,348,316,330,307,342,287,334,280,408
OKL000174,130,437,394,432,380,431,415,365,381,343,398,434,391,389,427,424,298,384,396,391,424,431,425,424,413,384,412,190,417,415,422,387,440,425,426,0,372,406,393,308,390,431,442,409,220,251,428,398,325,372,393,365,323,412,388,428,265,440,349,326,436,341,440,404,429,406,407,422,320,398,354,421,220,387,319,406,321,427,333,483,415,418,419,320,380,421,381,407,378,331,383,432,369,299,345,427,349,424,255,374
OKL000130,147,454,427,469,403,468,436,400,377,369,399,465,438,405,468,466,335,433,430,431,436,453,419,432,428,421,432,197,440,438,433,401,469,436,445,0,405,432,418,331,426,447,484,406,242,270,460,412,355,388,430,393,349,450,426,475,294,474,383,347,473,341,469,445,470,406,415,461,351,430,370,462,246,425,351,430,348,464,352,415,503,465,434,345,423,451,390,407,417,362,407,446,411,323,380,440,387,444,278,404
OKL000061,145,458,434,475,409,484,440,399,388,368,403,470,435,412,464,475,333,436,438,437,443,453,427,432,439,426,434,201,441,451,436,410,475,441,449,0,410,446,415,334,431,452,490,413,244,265,464,407,365,390,437,395,353,456,429,477,294,478,390,358,474,354,472,457,473,407,421,455,358,432,381,464,251,427,358,434,358,466,355,418,465,514,447,344,415,451,393,408,424,377,410,450,416,328,383,443,396,447,279,412
OKL000084,139,462,415,453,408,460,446,386,419,358,434,450,401,402,440,449,314,407,415,414,460,450,448,435,454,405,429,195,440,442,448,425,465,446,463,0,385,445,410,326,400,477,464,431,236,267,450,410,353,394,409,398,338,425,404,447,284,477,360,342,456,384,468,420,452,451,452,453,340,443,373,454,232,416,351,434,341,441,348,419,434,447,514,332,393,443,426,448,404,351,388,455,385,317,365,465,377,448,264,395
OKL000097,137,342,361,356,315,349,322,368,292,361,302,355,327,313,348,356,310,317,383,375,335,345,317,326,327,391,330,225,336,343,324,303,351,338,330,0,323,337,305,275,373,339,363,308,182,234,356,315,310,362,385,300,353,339,355,367,292,354,347,325,362,271,350,390,348,311,312,344,354,317,275,356,254,322,334,349,333,340,319,320,345,344,332,433,315,340,313,324,316,334,326,334,308,318,327,333,302,333,304,381
OKL000110,143,414,385,423,363,421,392,366,344,335,356,427,390,388,422,420,303,382,390,399,397,417,379,390,392,384,401,189,402,387,386,364,427,402,399,0,379,392,376,307,379,401,441,374,226,242,421,375,333,355,394,363,313,416,385,427,264,431,342,312,436,311,426,401,425,359,380,414,319,385,336,414,218,384,309,386,323,419,315,380,423,415,393,315,457,420,351,367,385,332,364,406,380,292,363,396,349,406,249,362
OKL000127,144,463,426,459,405,461,449,389,392,367,400,477,418,438,455,454,315,414,430,432,447,456,418,435,442,413,448,194,448,433,433,409,466,449,447,0,408,427,409,331,411,455,475,420,243,264,450,412,355,383,423,400,340,446,423,462,286,475,377,347,471,351,462,436,464,408,417,442,344,429,362,461,239,419,348,433,343,453,350,421,451,451,443,340,420,508,397,410,405,362,397,460,400,324,384,449,377,451,268,400
OKL000147,120,410,373,412,363,409,399,353,401,327,415,400,360,358,397,401,285,361,371,373,420,405,397,399,415,369,381,197,396,407,419,391,418,395,422,0,342,396,363,288,355,429,417,387,203,237,408,366,314,368,376,353,330,371,356,393,264,422,333,303,409,361,424,375,399,419,424,398,312,404,329,412,225,376,308,398,307,390,316,381,390,393,426,313,351,397,477,417,355,322,341,417,343,292,338,421,345,408,257,365
OKL000055,133,443,387,430,396,425,426,371,418,344,458,418,380,374,417,419,300,376,391,390,446,434,448,422,439,383,401,204,418,444,454,413,433,427,441,0,360,429,395,312,375,458,436,413,217,255,430,396,334,390,392,371,337,395,386,419,272,445,348,317,434,411,452,396,427,482,458,425,333,421,348,432,235,397,329,418,332,411,332,407,407,408,448,324,367,410,417,512,371,331,373,444,357,316,353,461,360,427,260,382
OKL000062,138,410,383,427,366,423,391,373,365,342,375,423,392,377,420,431,306,389,393,394,405,411,388,383,397,381,394,195,401,397,398,369,424,407,410,0,379,402,376,290,389,409,440,372,199,247,426,384,335,361,397,361,321,406,389,430,277,434,361,326,427,327,428,410,427,375,387,417,328,392,343,423,217,394,321,396,319,420,324,378,417,424,404,316,385,405,355,371,481,338,372,409,373,301,349,400,345,401,254,377
OKL000129,140,360,383,381,330,376,344,381,316,360,319,378,351,326,370,386,319,354,395,396,351,376,345,349,352,398,344,220,361,359,342,334,376,352,360,0,350,355,336,272,380,359,385,334,195,256,381,333,340,368,399,321,330,366,345,386,304,380,361,345,384,279,375,412,373,333,344,368,347,339,330,380,237,347,337,360,334,373,328,331,362,377,351,334,332,362,322,331,338,447,337,358,342,330,327,352,313,349,288,383
OKL000140,127,404,388,414,375,414,387,359,334,329,352,418,382,367,405,412,287,370,394,389,388,405,384,393,388,384,391,192,392,392,386,355,417,384,398,0,364,399,365,304,385,398,430,362,201,229,411,356,326,360,391,342,332,397,392,422,258,421,342,323,421,316,410,403,412,365,363,394,338,375,329,415,224,366,313,382,329,407,322,383,407,410,388,326,364,397,341,373,372,337,452,393,359,309,350,390,344,393,266,367
OKL000075,143,467,417,469,411,462,455,391,427,367,438,465,416,413,455,458,314,418,423,428,458,460,435,442,448,413,440,199,447,448,453,428,475,451,454,0,407,445,421,320,408,468,474,433,240,262,463,426,353,388,420,401,348,438,415,457,287,479,379,347,467,377,477,430,472,442,443,445,338,439,366,463,241,423,342,443,340,449,348,432,446,450,455,334,406,460,417,444,409,358,393,518,396,322,369,477,376,463,267,400
OKL000063,132,399,381,419,363,418,383,355,335,340,343,409,391,375,409,415,305,389,380,392,386,408,369,377,382,379,377,189,384,385,382,350,416,383,394,0,366,383,365,306,384,394,430,358,207,234,411,365,328,351,392,349,311,404,381,423,266,423,348,322,419,301,416,402,419,355,360,399,316,378,342,406,213,380,321,373,323,429,316,369,411,416,385,308,380,400,343,357,373,342,359,396,457,289,349,387,340,391,255,372
OKL000072,138,330,357,339,296,335,311,353,288,347,296,339,317,293,330,339,296,314,382,380,316,332,313,315,320,364,320,203,330,331,316,296,331,321,323,0,321,324,293,248,341,326,344,303,174,255,340,296,325,376,385,297,327,324,318,346,291,336,356,339,344,266,330,384,328,309,308,328,345,310,275,345,247,313,337,341,325,321,330,299,323,328,317,318,292,324,292,316,301,330,309,322,289,414,300,318,281,311,266,383
OKL000089,135,378,368,389,346,389,364,343,313,321,327,391,356,355,383,390,284,358,379,374,368,378,352,362,368,366,365,188,365,373,356,334,388,364,366,0,349,368,336,305,357,369,401,338,209,228,384,336,312,343,384,348,326,387,376,398,250,401,334,307,402,296,385,388,387,337,340,374,327,352,317,388,223,360,304,363,320,380,307,345,380,383,365,327,363,384,338,353,349,327,350,369,349,300,427,365,341,365,256,361
OKL000107,136,465,412,463,412,459,451,387,418,360,446,456,411,407,446,457,309,404,416,417,462,457,443,437,457,407,431,191,452,451,459,433,467,449,463,0,395,445,418,323,403,479,471,426,237,256,458,414,349,386,409,398,338,428,411,449,281,478,366,336,459,393,475,419,462,461,448,447,336,448,371,457,231,420,341,436,340,444,342,427,440,443,465,333,396,449,421,461,400,352,390,477,387,318,365,517,377,461,265,396
OKL000069,126,393,360,398,348,398,369,333,328,312,341,393,372,343,393,394,282,353,365,360,377,373,344,365,371,354,368,184,374,384,377,354,398,370,378,0,341,381,338,299,352,381,407,356,213,226,388,349,299,320,365,341,311,376,367,396,239,406,319,292,400,321,395,371,394,346,353,381,308,370,317,389,220,373,291,368,307,378,287,349,387,396,377,302,349,377,345,360,345,313,344,376,340,281,341,377,430,379,243,337
OKL000059,141,467,408,461,408,456,446,382,404,354,418,461,415,414,445,455,315,410,416,414,454,455,424,440,448,404,437,198,454,437,443,422,467,454,449,0,399,433,417,320,402,459,470,425,229,261,451,413,348,379,408,398,338,431,404,451,276,470,369,333,465,363,468,420,464,426,425,439,334,438,366,453,232,412,334,433,339,445,334,424,444,447,448,333,406,451,408,427,401,349,393,463,391,311,365,461,379,507,265,389
OKL000144,77,272,296,287,251,281,255,326,235,316,252,282,262,233,281,288,271,257,317,310,266,291,263,266,270,335,250,233,267,273,266,245,282,273,268,0,260,271,241,209,296,276,291,256,105,213,292,257,279,316,320,251,299,274,265,301,264,284,279,270,293,227,285,318,279,265,257,279,303,279,229,288,212,259,290,284,265,276,280,255,278,279,264,304,249,268,257,260,254,288,266,267,255,266,256,265,243,265,373,327
OKL000081,154,401,434,421,364,414,386,457,364,436,371,416,390,364,413,418,372,386,463,458,402,418,392,381,398,454,379,257,401,398,396,374,414,401,398,0,377,385,368,295,430,405,425,374,221,314,424,374,395,461,468,365,388,400,383,429,359,424,413,407,425,323,420,472,413,383,387,415,403,383,343,427,288,388,433,413,380,404,408,374,404,412,395,381,362,400,365,382,377,383,367,400,372,383,361,396,337,389,327,519
